{
  "project_info": {
    "project_number": "874830409834",
    "firebase_url": "https://medpharm-196907.firebaseio.com",
    "project_id": "medpharm-196907",
    "storage_bucket": "medpharm-196907.appspot.com"
  },
  "client": [
    {
      "client_info": {
        "mobilesdk_app_id": "1:874830409834:android:269db169106cccec",
        "android_client_info": {
          "package_name": "com.example.android.medpharm"
        }
      },
      "oauth_client": [
        {
          "client_id": "874830409834-7h4nten6nqjulck1263ikm9bg90rfco2.apps.googleusercontent.com",
          "client_type": 3
        }
      ],
      "api_key": [
        {
          "current_key": "AIzaSyC5I6QzUUx_C9pWux3kqvEL6b_Uw3S3Z_I"
        }
      ],
      "services": {
        "analytics_service": {
          "status": 1
        },
        "appinvite_service": {
          "status": 1,
          "other_platform_oauth_client": []
        },
        "ads_service": {
          "status": 2
        }
      }
    }
  ],
  "configuration_version": "1"
}